titulo;modalidad;objetivo;linea_investigacion;nivel;periodo;docente
Efecto de la apropiación del concepto de territorios inteligentes en la gestión de proyectos de investigación o desarrollo tecnológico en las instituciones de educación superior.;1;Se elaborará un estado del arte sobre el tema de territorios inteligentes y sus implicaciones, y posteriormente mediante el diseño, validación y aplicación de un instrumento de recolección de información aplicado a instituciones de educación superior, validará la hipotesis asociada con la adopción de este tema para el desarrollo de proyectos de investigación e innovación. Finalmente, deberá presentar como parte de los resultados obtenidos un artículo de investigación.;4;2;2025-2;47
Portafolio de solucionadores de base tecnológica propuestos como alternativas de mitigación a un conjunto de necesidades ambientales en una ciudad inteligente como Bucaramanga.;1;Se identificará un conjunto de necesidades ambientales en la ciudad de Bucaramanga, a través de fuentes primarias y secundarias de información, con el propósito de priorizar un conjunto de ellas y buscar a cada una de éstas posibles alternativas de mitigación de base tecnológica. Finalmente, se elaborará un portafolio que consolide cada una de estas herramientas caracterizadas y asociadas con casos de aplicación.;4;2;2025-2;47
Marco referencial de herramientas de inteligencia artifical que apoyan el fortalecimiento de capacidades de programación en el sector empresarial de las TIC.;1;Se elaborará un estado del arte sobre el tema de herramientas de inteligencia artificial adoptadas como apoyo en las actividades de programación a nivel empresarial, las cuales se deberán caracterizar y asociar con casos de aplicación. Finalmente, deberá presentar como parte de los resultados obtenidos un artículo de investigación.;4;2;2025-2;47
Desarrollo de Firmware para detección de alarmas de tempranas contra incendios en el paramo de santurban;2;desarrollo de un firmware especializado para la detección temprana de incendios en el Páramo de Santurbán, una de las principales reservas de biodiversidad y fuentes hídricas de Colombia. La solución propuesta permitirá la integración de sensores ambientales en un sistema de monitoreo en tiempo real, optimizando la respuesta ante eventos de riesgo y minimizando el impacto ecológico;1;1;2025-2;70
Desarrollo de Firmware para la detección de invasores en áreas protegidas del paramo de santurban;2;desarrollar un firmware especializado para la detección temprana de intrusos en áreas protegidas del Páramo de Santurbán, con el fin de fortalecer la conservación de este ecosistema estratégico. A través de la implementación de sensores inteligentes y comunicación inalámbrica de bajo consumo, se pretende establecer un sistema de monitoreo autónomo y eficiente que alerte a las autoridades ambientales sobre posibles invasiones o actividades ilegales.;1;1;2025-2;70
Desarrollo de una Solución Tecnológica para la Optimización de la  Gestión del Agua mediante el Uso de Datos Masivos (Big Data) y Dispositivos IoT;2;El proyecto busca diseñar e implementar una plataforma tecnológica que permita la gestión eficiente de recursos y servicios de agua en territorios inteligentes, aprovechando las capacidades de Big Data y dispositivos conectados a Internet de las Cosas (IoT). La solución estará orientada a mejorar la calidad de vida de los ciudadanos, optimizar el uso de recursos públicos y facilitar la toma de decisiones basadas en datos.;1;2;2025-2;2
Plataforma Digital para la Gestión y Análisis de Laboratorios de Cultura Ciudadana;2;Este proyecto propone el desarrollo de una plataforma digital interactiva que facilite la planificación, gestión, monitoreo y análisis de iniciativas de laboratorios de cultura ciudadana. La solución integrará herramientas de participación ciudadana, análisis de datos y visualización de impacto para mejorar la toma de decisiones y fomentar la innovación social.;1;2;2025-2;2
Plataforma Integrada para la Gestión Energética en Territorios Inteligentes: Optimización de Recursos y Servicios mediante IoT, Big Data e Inteligencia Artificial;2;El proyecto consiste en el diseño e implementación de una plataforma tecnológica que permita la gestión inteligente de territorios (ciudades, municipios o regiones) mediante la integración de tecnologías como Internet de las Cosas (IoT), Big Data e Inteligencia Artificial (IA). La plataforma tendrá como objetivo optimizar el uso del recurso de energía y mejorar la calidad de ese servicio en un territorio específico.;1;2;2025-2;2
Desarrollo de una Solución Tecnológica Integral para la Gestión, Monitoreo y Promoción de Actividades en Laboratorios de Cultura Ciudadana mediante el Uso de Herramientas Digitales y Gamificación;2;El proyecto busca diseñar e implementar una plataforma digital interactiva que permita gestionar, monitorear y promover las actividades realizadas en laboratorios de cultura ciudadana. La solución tecnológica estará orientada a fomentar la participación ciudadana, mejorar la experiencia de los usuarios y facilitar la recolección de datos para evaluar el impacto de las actividades en la comunidad;1;2;2025-2;2
ANSIBLE como herramienta de sincronización, control de versiones y automatización de procesos en mini granjas de servidores multiplaraforma;1;Basados en los requerimientos de cliente, en la gestión de actualizaciones de servidores, control de versiones para dispositivos de red, copia de seguridad de hosts, es necesario plantear una solución Opensource que facilite al ingeniero esta actividad.;1;2;2025-2;41
Diseño de un Sistema de Riego Inteligente para Agricultura de Precisión;2;La gestión eficiente del agua es crucial en la agricultura. Un proyecto que desarrolle un sistema de riego inteligente que utilice sensores y análisis de datos para optimizar el uso del agua podría mejorar el rendimiento de los cultivos y reducir el desperdicio. La justificación radica en la necesidad de prácticas agrícolas sostenibles y eficientes en el uso de recursos.;1;2;2025-2;38
Sotware de la Realidad Virtual para la Rehabilitación Fisica y Cognitivas de Pacientes ;2;La realidad virtual (VR) ofrece nuevas oportunidades para la rehabilitación física y cognitiva de pacientes. Un proyecto que explore cómo la VR puede ser utilizada en la rehabilitación de pacientes con discapacidades físicas o lesiones podría contribuir a desarrollar terapias más efectivas e inmersivas. La justificación radica en la necesidad de innovaciones en tratamientos de rehabilitación.;3;2;2025-2;38
Desarrollo de una aplicación web y móvil que registre y analice datos del tráfico en tiempo real mediante sensores y reportes ciudadanos. ;2;"Este proyecto consiste en el desarrollo de una plataforma web y móvil que permitirá monitorear y mejorar la movilidad en la ciudad mediante la recopilación y análisis de datos en tiempo real. Se integrarán sensores IoT, reportes ciudadanos y fuentes abiertas de datos para identificar congestiones, incidentes viales y patrones de tráfico.

Características principales:
Monitoreo en tiempo real del tráfico a través de sensores IoT y datos abiertos.
Aplicación móvil para que los ciudadanos reporten problemas de movilidad (accidentes, semáforos dañados, congestión).
Algoritmos de análisis de datos para detectar patrones y generar recomendaciones.
Integración con sistemas de transporte público para optimizar rutas.
 Enfoque: Territorios Inteligentes
Desarrollo de software basado en IoT, bases de datos, análisis de datos y desarrollo móvil.";3;1;2025-2;42
Plataforma para optimizar el uso de parques, bibliotecas y auditorios en la ciudad. Permitirá la reserva de espacios, reportes de mantenimiento y sugerencias de actividades culturales mediante IoT y datos en la nube.;2;"Sistema de Gestión de Espacios Públicos Inteligentes

Este proyecto tiene como objetivo mejorar la gestión de parques, bibliotecas y auditorios mediante una plataforma digital que permita la reserva de espacios, el monitoreo del estado de las instalaciones y la sugerencia de eventos culturales según los intereses de los ciudadanos.
Características principales:
•	Sistema de reservas en línea para espacios públicos.
•	Sensores IoT para monitorear el estado de los espacios (aforo, iluminación, mantenimiento).
•	Recomendaciones de eventos culturales basadas en intereses de los ciudadanos.
•	Reportes de uso y necesidades de mantenimiento.
Territorios Inteligentes: 
Desarrollo web y móvil, IoT, bases de datos y análisis de información.
";1;1;2025-2;42
Monitoreo y simulación de Flujo Vehicular Usando Gemelos Digitales;1;El proyecto tiene como objetivo optimizar la gestión del tráfico en entornos urbanos mediante el uso de modelos virtuales dinámicos que replican en tiempo real el comportamiento del flujo vehicular. A través de sensores IoT, análisis de datos y simulaciones avanzadas, este sistema proporciona una visión precisa del tráfico para mejorar la movilidad, reducir la congestión y minimizar el impacto ambiental.;3;1;2025-2;50
Creación de un gemelo digital de un banco de motores con control de velocidad para el laboratorio de máquinas eléctricas de las UTS;1;Desarrollar un modelo virtual interactivo del banco de motores del laboratorio de máquinas eléctricas de electromecánica de las UTS que emule su funcionamiento real, integrando el control de velocidad y permitiendo la visualización y manipulación de variables operativas como velocidad, torque y consumo energético a través de una interfaz intuitiva, que facilite la interacción y simulación del sistema;3;1;2025-2;50
Sistemas reconfigurables de vías para gestión vehicular;1;"Desarrollar un sistema basado en sensores que detecte la necesidad de reconfigurar el sentido de una vía con varios carriles mediante el uso de sistemas mecánicos controlados por software para mejorar el flujo vehicular 
El aumento constante en el número de vehículos en las carreteras urbanas y suburbanas ha llevado a una creciente congestión del tráfico, lo que resulta en mayores tiempos de viaje, aumento de la contaminación y una experiencia de conducción desagradable. Para abordar este desafío, este proyecto tiene como objetivo desarrollar y evaluar sistemas de vías reconfigurables que permitan una gestión más eficiente del tráfico vehicular en tiempo real
";4;1;2025-2;50
Sistema de Clasificación de Comportamientos Urbanos para la Predicción de Delitos Mediante Métodos de Inteligencia Artificial;1;Se busca encontrar patrones comunes de comportamientos de personas previos a un delito con el fin de crear un sistema que pueda predecir con nivel de confianza la futura ocurrencia de actividades delictivas. Este proyecto sirve como proyecto antecesor a un sistema que permita a las autoridades combatir el crimen en las ciudades. Estará alimentado con videos de comportamientos en las calles, incluidos donde hubo delitos. Se usará parte de esta data para validación;4;1;2025-2;50
Plataforma Interactiva para la Planificación y Gestión de Espacios Urbanos;2;Crear una plataforma colaborativa donde los ciudadanos puedan aportar ideas para el diseño y uso de espacios públicos (parques, plazas, etc.), y los urbanistas y planificadores puedan analizar estos aportes para mejorar el diseño de los territorios.;4;1;2025-2;28
Plataforma de gestión integrada para ciudades inteligentes;2;Este proyecto se centra en el diseño e implementación de una plataforma de software que permita la gestión centralizada de diversos servicios urbanos, como el tráfico, el alumbrado público, la recolección de residuos y la seguridad. La plataforma utilizaría sensores y dispositivos IoT para recopilar datos en tiempo real, que luego serían procesados y analizados para optimizar la toma de decisiones y mejorar la eficiencia de los servicios. El ingeniero de sistemas jugaría un papel fundamental en el desarrollo de la arquitectura de la plataforma, la integración de los diferentes sistemas y la implementación de algoritmos de análisis de datos.;4;1;2025-2;48
Implementación de un sistema de transporte inteligente basado en tecnologías de geolocalización y Big Data;2;Este proyecto propone el desarrollo de un sistema que utilice datos de geolocalización de dispositivos móviles y vehículos, así como información sobre el estado del tráfico y el transporte público, para ofrecer a los usuarios recomendaciones personalizadas sobre rutas, horarios y medios de transporte. El sistema también podría utilizarse para optimizar la gestión del tráfico y mejorar la planificación urbana. El ingeniero de sistemas se encargaría de la recolección y procesamiento de los datos, el desarrollo de algoritmos de ruteo y la creación de interfaces de usuario intuitivas.;4;1;2025-2;48
Diseño e implementación de un sistema de alerta temprana para desastres naturales;2;Este proyecto busca desarrollar un sistema que utilice sensores y modelos de predicción para detectar y alertar sobre posibles desastres naturales, como inundaciones, terremotos o deslizamientos de tierra. El sistema podría enviar alertas a través de dispositivos móviles y redes sociales, así como activar protocolos de emergencia. El ingeniero de sistemas sería responsable de la integración de los diferentes sensores, el desarrollo de modelos de predicción y la creación de un sistema de comunicación confiable y escalable.;4;1;2025-2;48
Analizador de movimientos en deportistas para mejorar su rendimiento, utilizando visión artificial (puede trabajarse con el programa de deportes);2;No disponible;1;1;2025-2;37
Detección de cambios en terrenos mediante imágenes satelitales;2;No disponible;4;1;2025-2;37
Detección de plagas en cultivos mediante visión artificial;2;No disponible;4;1;2025-2;37
Clasificador de productos agricolas mediante visión artificial;2;No disponible;4;1;2025-2;37
Control de calidad de productos empresariales mendiante visión artificial;2;No disponible;4;1;2025-2;37
Propuesta de una Smart City utilizando IoT para optimizar los recursos de una sociedad;1;A partir de las herramientas disponibles para IoT de Cisco, diseñar una Smart City que tenga en cuenta una infraestructura de iluminacion segura y confiable, y que ofrezca alternativas para el transporte de las personas garantizando un acceso equitativo a una movilidad eficiente;2;1;2025-2;2
Diseño e Implementación de un Sistema de Transporte Inteligente con Priorización para Personas con Discapacidad en Movilidad en el Contexto de Ciudades Accesibles;2;Este proyecto busca desarrollar un sistema de de transporte público inteligente que detecta automáticamente la presencia de pasajeros con discapacidad en paraderos y vehículos mediante sensores RFID o Bluetooth. Al detectar un usuario en silla de ruedas, el sistema envía una alerta al conductor para facilitar el abordaje y activa de manera automática las rampas de acceso. Este proyecto garantiza un sistema de transporte público más inclusivo y eficiente para personas con movilidad reducida, mejorando su accesibilidad y reduciendo la dependencia de terceros.;1;1;2025-2;49
Diseño e Implementación de un Sistema de Navegación Asistida para Personas con Discapacidad Visual mediante IoT y Geolocalización Inteligente;2;Este proyecto consiste en un bastón inteligente equipado con sensores ultrasónicos, GPS y conectividad IoT para ayudar a personas con discapacidad visual a navegar de forma segura en entornos urbanos. El bastón detecta obstáculos y proporciona indicaciones por voz o vibración, además de permitir que los familiares o asistentes puedan monitorear la ubicación del usuario en tiempo real. Este proyecto mejora la autonomía y seguridad de las personas con discapacidad visual en las ciudades, promoviendo su inclusión en la movilidad urbana inteligente.;1;2;2025-2;49
Diseño e Implementación de un Sistema de Aprendizaje Adaptativo Basado en Inteligencia Artificial para la Inclusión Educativa de Estudiantes con Dificultades de Aprendizaje;2;Este proyecto propone el desarrollo de un sistema de educación adaptativa basado en inteligencia artificial (IA) diseñado para apoyar a estudiantes con dificultades de aprendizaje, como dislexia, Trastorno por Déficit de Atención e Hiperactividad (TDAH), discapacidad cognitiva leve o dificultades en la comprensión lectora y matemática. El sistema analizará el progreso, el ritmo de aprendizaje y las necesidades individuales de cada estudiante mediante algoritmos de Machine Learning y técnicas de procesamiento de datos educativos, con el fin de adaptar automáticamente los contenidos y metodologías de enseñanza.Además, el sistema integrará estrategias de gamificación, análisis de desempeño y asistencia virtual para mejorar la retención del conocimiento y la motivación de los estudiantes.;4;1;2025-2;49
Plataforma de Aprendizaje Adaptativo con Modelos Matemáticos para la Personalización del Contenido Educativo.;2;Crear una plataforma de aprendizaje en línea que utilice un enfoque adaptativo para personalizar el contenido educativo para cada estudiante. El sistema utilizaría algoritmos basados en teoría de la decisión, modelos de optimización y análisis de datos para ajustar dinámicamente el contenido que se presenta a cada estudiante en función de su progreso, habilidades, estilo de aprendizaje y áreas de mejora. Por ejemplo, si un estudiante tiene dificultades con un tema en particular, el sistema podría proporcionar recursos adicionales, como explicaciones, ejercicios prácticos o videos tutoriales.;1;1;2025-2;18
Plataforma Interactiva para la Enseñanza de Matemáticas con Simulaciones Gráficas y Realidad Aumentada.;2;Desarrollar una plataforma educativa que utilice simulaciones gráficas y realidad aumentada (AR) para enseñar conceptos matemáticos de manera visual e interactiva. Los estudiantes podrían explorar temas como geometría, álgebra, cálculo y trigonometría a través de modelos 3D y representaciones visuales interactivas. Por ejemplo, podrían manipular figuras geométricas en 3D o visualizar gráficos de funciones matemáticas en un entorno AR. La plataforma podría incluir herramientas para que los estudiantes resuelvan problemas de manera práctica y vean los resultados de inmediato.;1;2;2025-2;18
Plataforma Inteligente de Gestión de Recursos Hídricos en Agricultura.;2;Modelado matemático de sistemas de riego utilizando programación lineal o optimización dinámica para determinar las mejores prácticas de distribución de agua. También se pueden integrar modelos de redes neuronales para predecir la cantidad de agua necesaria en función de factores como la evaporación, la humedad del suelo y las condiciones meteorológicas, ajustando los tiempos de riego.;1;1;2025-2;18
"Blockchain para la Distribución Eficiente de Energía en Territoritos Inteligentes ""Smart Cities""";2;Analizar la forma de realizar dicho tránsito entre el sistema analógico actual hacia un futuro digital mediante la incorporación de las nuevas tecnologías como el BlockChain, la Smart City y el Internet of Energy. Para su desarrollo es fundamental realizar una implementación realista del proceso de transformación y saber cómo llevarlo a cabo.;4;2;2025-2;44
Desarrollo de una aplicacion para la trazabilidad e inspeccion de sistemas de proteccion contra caidas.;2;En este proyecto se busca desarrollar una aplicacion que permita verificar si los equipos usados para trabajos de altura cuentan con la certificacion de inspeccion anual obligatoria segun la resolucion 4272 del 2021 y recomendaciones de los fabricantes de euipos, esta aplicacion ayudara a las personas encargadas de la seguridad industrial a proteger a sus trabajadores de posibles accidentes.;4;1;2025-2;33
Diseño de un algoritmo para la reconstruccion en 3D de objetos a partir de imagenes en 2D.;2;Este proeycto busca el desarrollo de algoritmos que permitan realizar la recontruccion en 3D de un objeto a partir de diversas fotos tomadas desde un celular con diferentes perspectivas, de esta forma se podria realizar un escaner de objetos a partir de imagenes.;4;1;2025-2;33
Desarrollo de una aplicacion usando realidad aumentada para la deteccion y accionamiento de un robot movil.;2;Este proyecto permitira accionar un robot movil mediante un meno de opciones que ve el usuario poer medio de una aplicacion de realidad aumentada y recibir como retroalimentacion estados del robot.;4;2;2025-2;33
Sistema de Movilidad Inteligente y Sostenible;2;"* Desarrollo e implementación de sensores IoT en paraderos de buses y ciclovías para analizar patrones de movilidad.
* Desarrollo de una aplicación que recomiende rutas más eficientes y fomente el uso de transporte sostenible.
* Desarrollo de una aplicación que permita la ntegración con datos abiertos del municipio para mejorar la planificación urbana.";1;1;2025-2;14
Red de Laboratorios de Cultura Ciudadana;2;"* Creación de espacios digitales donde la comunidad pueda participar en experimentos de convivencia y civismo.
* Desarrollo de herramientas interactivas como realidad aumentada para educar sobre normas y valores urbanos.
* Medición del impacto en la comunidad a través de encuestas y análisis de datos.";1;1;2025-2;14
Sistema de Inteligencia Urbana para la Seguridad Comunitaria;2;"* Desarrollo de una aplicación basada en IA y Big Data para identificar zonas con mayor riesgo de delitos y sugerir estrategias preventivas.
* Desarrolllo de mecanismo de comunicación entre ciudadanos y autoridades para reportes de emergencia.
* Creación de algoritmos predictivos para anticipar patrones de inseguridad.";1;1;2025-2;14
Plataforma Interactiva para la Enseñanza de Matemáticas discretas  con Simulaciones y Realidad Aumentada.;2;Desarrollar una plataforma educativa que utilice simulaciones gráficas y realidad aumentada (AR) para enseñar conceptos matemáticos de manera visual e interactiva. Los estudiantes podrían explorar temas como geometría, álgebra, cálculo y trigonometría a través de modelos 3D y representaciones visuales interactivas. Ya sea desde el tema de grafos, mapas de karnaugt y compuertas logicas;1;1;2025-2;20
Plataforma de creación de negocios sostenibles y accesibles;2;plataforma digital donde los estudiantes puedan crear, gestionar y lanzar ideas de negocio con un enfoque en sostenibilidad, inclusión social y accesibilidad. La plataforma ofrecería recursos como plantillas de planes de negocio, guías sobre modelos de negocio sostenibles, financiación a través de microcréditos, y acceso a una comunidad de emprendedores y expertos. Además, los estudiantes podrían desarrollar ideas colaborativas y recibir retroalimentación de mentores en tiempo real.;1;1;2025-2;26
Aplicación de Crowdsourcing para Mejorar la Infraestructura Urbana;2;Desarrollar una aplicación móvil que utilice crowdsourcing para permitir que los ciudadanos, especialmente los estudiantes, reporten problemas de infraestructura urbana como baches, luces apagadas, o problemas de tráfico. Además de simplemente reportar el problema, los ciudadanos pueden sugerir posibles soluciones o votar por las mejores ideas. La aplicación también permitiría la creación de proyectos comunitarios, donde los emprendedores pueden promover soluciones a estos problemas (por ejemplo, startups que ofrezcan soluciones para el arreglo de baches o el diseño de infraestructura modular).;4;1;2025-2;26
Hub de Innovación para Soluciones Urbanas (Green Tech Hub);2;Crear un hub de innovación que fomente el emprendimiento en tecnologías sostenibles aplicadas a territorios urbanos. Estudiantes y jóvenes emprendedores podrían trabajar en proyectos que aborden problemas urbanos desde una perspectiva ecológica, como sistemas de energía renovable para edificios públicos, tecnologías de gestión eficiente del agua, o sistemas de transporte sostenible (por ejemplo, bicicletas eléctricas compartidas). Este hub también podría ofrecer talleres, capacitación en tecnologías verdes y acceso a mentores e inversores interesados en financiar proyectos ecológicos;4;1;2025-2;26
CivicMap: Mapa Interactivo de Servicios Ciudadanos;2;Plataforma web diseñada para facilitar el acceso a servicios públicos esenciales, permitiendo a los ciudadanos ubicar, calificar y reportar problemas en establecimientos de salud, seguridad, transporte y cultura. Características: Mapa interactivo con geolocalización de servicios públicos.;4;1;2025-2;35
Plataforma de participación ciudadana para el reporte de focos de acumulación de basuras;2;Se desarrollará una solución web y móvil que permita a los ciudadanos reportar incidencias respecto a la acumulación de basuras. La plataforma integrará geolocalización y visualización para facilitar la toma de decisiones colaborativas y transparentes de las autoridades. Además permitiría participar en campañas de reciclaje.;1;1;2025-2;59
Sistema Integral de Monitoreo Ambiental en Ciudades Inteligentes;2;El proyecto consiste en implementar una red de sensores IoT y desarrollar un sistema de análisis de datos que monitorice parámetros ambientales (calidad del aire, niveles de ruido, etc.) en zonas urbanas. La solución permitirá generar alertas tempranas y proporcionar información accesible a ciudadanos y gestores urbanos, promoviendo una cultura de prevención y cuidado ambiental.;4;1;2025-2;59
Laboratorio Virtual de Cultura Ciudadana y Gobernanza Digital;2;Se creará un entorno virtual colaborativo que sirva de laboratorio para experimentar con herramientas de participación ciudadana y gobernanza digital. El proyecto incluirá módulos para foros, encuestas, talleres virtuales y análisis de opinión pública, fomentando la integración de la ciudadanía en los procesos de toma de decisiones a nivel local.;4;1;2025-2;59
Sistema de Gestión de Residuos mediante Contenedores con Sensores IoT;2;Este proyecto busca mejorar la recolección de residuos en la ciudad mediante el uso de contenedores equipados con sensores IoT, permitiendo monitorear su nivel de llenado y optimizar la logística de recolección.;2;1;2025-2;52
Sistema de Riego Autónomo con Energía Solar y Optimización Hídrica;2;Este sistema busca optimizar el uso del agua en cultivos agrícolas mediante la combinación de energía solar, sensores ambientales y un sistema de riego automatizado. Su objetivo es reducir el desperdicio de agua, mejorar la eficiencia del riego y proporcionar una solución autosuficiente que no dependa de la red eléctrica convencional.;2;1;2025-2;52
Aplicación Móvil de Realidad Aumentada para la Exploración Histórica y Cultural de una Ciudad;2;Construir una app que utilice realidad aumentada para mostrar información histórica y cultural sobre puntos de interés en una ciudad, usando la cámara del móvil.;1;1;2025-2;45
Implementación y Comparación del Rendimiento de Diferentes Topologías de Red Usando Cisco Packet Tracer y GNS3;2;Implementar y comparar el rendimiento de topologías de red (estrella, bus, anillo, malla) usando herramientas como Cisco Packet Tracer o GNS3.;4;1;2025-2;45
Optimización de Algoritmos de Inteligencia Artificial para la Gestión de Recursos en la Nube;1;Investigar y desarrollar mejoras en algoritmos de IA para optimizar el uso de recursos en plataformas cloud, reduciendo costos y aumentando la eficiencia.;4;1;2025-2;13
Sistema Inteligente de Señalización y Gestión de Parqueaderos Universitarios;2;El Sistema Inteligente de señalización y gestión de parqueaderos es una solución tecnológica diseñada para optimizar la administración de los espacios de parqueo en universidades con capacidad limitada. Esta herramienta incluye sensores IoT para monitorear la ocupación de los parqueaderos, pantallas digitales para señalización en tiempo real y una aplicación web que permita a los usuarios consultar disponibilidad y reservar espacios con antelación. Además, integrará un sistema de notificaciones para informar a los conductores sobre restricciones o alternativas de parqueo. Usando MySQL para la base de datos, Node.js para el backend, y una interfaz en React, el sistema garantizará una operación eficiente y accesible.;4;2;2025-2;67
Estrategia Digital  de Inclusión para Madres Cabeza de Hogar y Jóvenes en Riesgo;2;Diseño de un programa que combine capacitación en habilidades digitales con acceso a tecnología para madres cabeza de hogar y jóvenes en situación de vulnerabilidad. El objetivo es fomentar su participación en proyectos de territorios inteligentes y mejorar sus oportunidades laborales y educativas.;4;1;2025-2;2
Sistema Inteligente de Monitoreo Ambiental para la Protección de Comunidades Vulnerables;2;Implementación de una red de sensores IoT en zonas habitadas por comunidades vulnerables para monitorear la calidad del aire, o del agua, o del ruido, segun la necesidad o accesibilidad. Los datos se compartirán en una plataforma accesible y se complementarán con talleres educativos para empoderar a las comunidades en el cuidado de su entorno.;2;1;2025-2;2
Plataforma de Participación Ciudadana Inclusiva para Comunidades Vulnerables;2;Desarrollo de una plataforma digital inteligente que integre tecnologías como IoT, big data y gamificación para fomentar la participación activa de niños, niñas, adolescentes y madres cabeza de hogar en la construcción de territorios inteligentes. La plataforma permitirá reportar necesidades comunitarias, proponer soluciones y acceder a información en tiempo real sobre cualquiera de (servicios públicos, seguridad y sostenibilidad), promoviendo la inclusión digital y la cultura ciudadana.;4;1;2025-2;2
Estudio de Seguridad y Configuración de Redes en Microsoft Azure y Google Cloud;2;El proyecto tiene como objetivo analizar y comparar las estrategias de seguridad en redes dentro de las plataformas Microsoft Azure y Google Cloud. Se explorarán aspectos claves como la configuración de firewalls, segmentación de redes mediante VPC y subredes, implementación de VPNs seguras, control de acceso basado en roles (RBAC) y herramientas de monitoreo de tráfico.;4;1;2025-2;30
Diseño de una Red Empresarial en Alta Disponibilidad Usando HSRP y VRRP;2;El proyecto tiene su enfoque, en el diseño de una red empresarial con alta disponibilidad utilizando los protocolos HSRP (Hot Standby Router Protocol) y VRRP (Virtual Router Redundancy Protocol). Estos protocolos permiten la redundancia de routers, asegurando la continuidad del servicio en caso de fallos en los dispositivos principales.;4;1;2025-2;30
Ecosistema Inteligente para Ciudades Verdes;2;Desarrollar e implementar soluciones tecnológicas que promuevan la sostenibilidad y la eficiencia en el uso de recursos en territorios inteligentes, utilizando principios de tecnología verde.;4;1;2025-2;51
Territorios Inteligentes: Soluciones Tecnológicas para la Inclusión y Rehabilitación de Niños con Hemiparesia y Parálisis Cerebral;2;Desarrollar e implementar soluciones tecnológicas innovadoras en el contexto de territorios inteligentes, que faciliten la inclusión y mejoren la rehabilitación de niños con hemiparesia y parálisis cerebral, promoviendo una mayor calidad de vida y participación activa en la comunidad.;4;1;2025-2;51
Educación Digital Inclusiva: Estrategias de Aprendizaje para Escuelas Rurales en Floridablanca;2;Desarrollar e implementar estrategias de aprendizaje innovadoras utilizando herramientas digitales para mejorar la calidad educativa en las escuelas rurales de los municipios de Floridablanca, promoviendo la inclusión y el acceso equitativo a la educación.;4;1;2025-2;51
Auditoría de Seguridad de la Información y Propuesta de Mejora para el Cumplimiento de la ISO/IEC 27001 en una Organización;2;realizar una auditoría exhaustiva de seguridad de la información en una organización, con el objetivo de evaluar su nivel de cumplimiento con los controles establecidos en el Anexo A de la ISO/IEC 27001;4;1;2025-2;2
Bastón Inteligente con Navegación Asistida para Personas con Discapacidad Visual;2;Un bastón inteligente equipado con sensores, cámaras y conectividad Bluetooth que trabaja en conjunto con una aplicación móvil para guiar a personas con discapacidad visual en entornos urbanos o interiores. El bastón detecta obstáculos, cambios en el terreno (escalones, hoyos, etc.) y proporciona retroalimentación háptica (vibraciones) y auditiva (indicaciones de voz) para alertar al usuario. La app complementaria ofrece navegación GPS, identificación de puntos de interés y descripción del entorno.;4;2;2025-2;43
Teclado Virtual Adaptativo para Personas con Discapacidad Física;2;Un teclado virtual personalizable que se adapta a las capacidades motoras del usuario. Por ejemplo, puede incluir predicción de palabras, reconocimiento de voz, y controles por gestos o movimientos oculares.;4;2;2025-2;43
Desarrollo de un micromundo basado en dinámica de sistemas para analizar retos y soluciones en territorios inteligentes;2;Este proyecto propone la creación de un micromundo físico y conceptual, sin necesidad de software, para explorar los desafíos y soluciones en territorios inteligentes. Se utilizará el enfoque de dinámica de sistemas para modelar y analizar las interacciones entre diversos factores como infraestructura, sostenibilidad, movilidad, gobernanza y calidad de vida en un territorio;4;2;2025-2;53
Cultura Ciudadana para la Movilidad Sostenible en Espacios Universitarios con Alta Presencia de Motocicletas: Un Enfoque de Dinámica de Sistemas;2;En la sede de las Unidades Tecnológicas de Santander (UTS), la movilidad está marcada por espacios reducidos, alta congestión vehicular, y un elevado uso de motocicletas. Este proyecto busca analizar cómo la cultura ciudadana influye en la movilidad sostenible dentro del campus, considerando los comportamientos de estudiantes y docentes, el uso de motos, las condiciones de infraestructura y las alternativas de transporte. A través de un enfoque basado en dinámica de sistemas, se modelarán las interacciones entre estos factores para evaluar el impacto de distintas estrategias de mejora.;4;2;2025-2;53
Micromundos como herramienta de enseñanza-aprendizaje para la comprensión de ciudades inteligentes en la formación de ingenieros de sistemas;2;Se diseñan escenarios interactivos (digitales o análogos) que permiten a los estudiantes comprender y analizar los desafíos urbanos, como la movilidad, el consumo energético y la sostenibilidad. El objetivo es fomentar el pensamiento sistémico, la toma de decisiones informadas y la experimentación en entornos controlados que simulan el comportamiento de sistemas urbanos;4;2;2025-2;53
Modelado de la deserción estudiantil del programa de Ingeniería de Sistemas en las Unidades Tecnológicas de Santander mediante Dinámica de Sistemas;2;El modelo permitirá evaluar políticas de retención estudiantil, simulando escenarios en los que se implementen estrategias como tutorías personalizadas, apoyo financiero, mejoras en la enseñanza y fortalecimiento del sentido de pertenencia. Con esto, se busca proponer soluciones basadas en evidencia para reducir la tasa de deserción y mejorar la permanencia estudiantil.;4;2;2025-2;53
Transformación Digital TI: Implementación de GLPI con ITIL e ISO 27001 en Laboratorio Bolivar SAS;2;Tiene como objetivo optimizar la gestión de servicios de tecnología de la información (TI) mediante la implementación de GLPI, alineado con las mejores prácticas de ITIL y los estándares de seguridad de la información de ISO 27001.;4;2;2025-2;44
Intranet para el programa de Ingeniería de Sistemas;2;Elaborar una Intranet para el programa de Ingeniería de Sistemas en donde administrativos, docentes y estudiantes consulten y publiquen información que sea de interés para la comunidad educativa del programa;1;2;2025-2;61
Plataforma de Monitoreo Inteligente para la Gestión de la Movilidad en Ciudades;2;Se desarrollará una plataforma basada en inteligencia artificial y análisis de datos para el monitoreo del tráfico urbano. El sistema integrará datos de sensores IoT y cámaras de seguridad para identificar patrones de movilidad, detectar congestión y proponer rutas alternativas en tiempo real.;1;1;2025-2;25
Desarrollo de un Sistema de Detección de Ciberataques en Redes Empresariales Usando Machine Learning;2;Se implementará un sistema de seguridad basado en algoritmos de aprendizaje automático para analizar el tráfico de red y detectar posibles ciberataques en tiempo real. La solución podrá clasificar patrones de tráfico anómalos y generar alertas automáticas para mitigar amenazas antes de que afecten la infraestructura de la empresa.;1;1;2025-2;25
Implementación de un Asistente Virtual con Procesamiento de Lenguaje Natural para Instituciones Educativas;2;Se diseñará un chatbot basado en inteligencia artificial que pueda responder preguntas frecuentes de estudiantes y docentes sobre información institucional. La solución usará técnicas de NLP (Procesamiento de Lenguaje Natural) para interpretar y responder de manera contextual, reduciendo la carga administrativa en universidades y colegios.;1;1;2025-2;25
Sistema de Detección de Plagas en Cultivos Usando Visión Artificial;2;Se diseñará un sistema de detección automática de plagas en cultivos agrícolas mediante el análisis de imágenes captadas por drones y cámaras de alta resolución. Mediante algoritmos de procesamiento de imágenes, se podrá identificar la presencia de insectos o enfermedades en las plantas, permitiendo una intervención temprana y reduciendo pérdidas en la producción.;1;1;2025-2;25
Desarrollo de un Sistema de Detección de Fraude en Transacciones Electrónicas Usando Inteligencia Artificial;2;Implementar un sistema basado en aprendizaje automático que analice patrones de transacciones electrónicas para identificar posibles fraudes en tiempo real. Se utilizarán técnicas de detección de anomalías y redes neuronales para mejorar la precisión de las alertas.;1;1;2025-2;25
Plataforma de Gestión de Residuos Sólidos con Análisis Basado en Big Data;2;Diseñar un sistema que permita el monitoreo y análisis de la recolección de residuos sólidos en ciudades mediante sensores IoT. El sistema analizará datos históricos y en tiempo real para optimizar las rutas de recolección y fomentar el reciclaje inteligente.;1;1;2025-2;6
Plataforma de Predicción de Consumo Energético en Edificaciones Inteligentes;2;Diseñar una plataforma que analice datos de consumo energético en edificaciones inteligentes y utilice modelos de predicción para optimizar el uso de la energía. Se integrará con dispositivos IoT para ajustar automáticamente el consumo en función de la demanda y las condiciones ambientales.;1;1;2025-2;6
Desarrollo de una Aplicación Móvil para la Detección de Fake News Usando Procesamiento de Lenguaje Natural;2;Crear una aplicación móvil que utilice técnicas de procesamiento de lenguaje natural (NLP) y machine learning para analizar noticias y detectar posibles noticias falsas. El sistema evaluará fuentes, contenido y patrones de difusión para determinar la credibilidad de la información.;1;1;2025-2;6
Desarrollo de un Ecosistema de aprendizaje inteligente basado en IA para las familias de personas con dificultades de aprendizaje;2;Este proyecto busca desarrollar un ecosistema de aprendizaje inteligente basado en inteligencia artificial (IA) y análisis de datos educativos, diseñado para familias y cuidadores de personas con dificultades de aprendizaje. El sistema brindará herramientas de apoyo y orientación para que los familiares puedan comprender mejor las necesidades educativas y emocionales de sus hijos o seres queridos, ofreciendo estrategias personalizadas para el acompañamiento en el hogar.;4;1;2025-2;49
Agencia de desarrollo web especializada para pymes;2;Desarollo de un website que ayude a las empresas a aumentar sus ventas, mejorar su imagen Y ser aliado estrategico;1;1;2025-2;22
Plataforma de comercio electronico de venta de productos medicos;2;construccion de un sistema de gestion de productos Medicos donde se reflejen las pasarelas de pago flexibles con sus respectiva seguridad, standar de ganancias, toma de decisiones segun inventario de ventas, roles de usuario, optimizacion del diseño web, seo y marketing;1;1;2025-2;22
Academia online de cursos iteractivos de desarrollo tecnologico;2;Implementación de una escuela formativa e iteractiva para exalumnos sobre tematicas de tecnologia en desarrollo actualidad teniendo encuenta bases de tic para sus desarrollo.;1;1;2025-2;22
aula virtual en el metaverso donde los profesores puedan exponer presentaciones en 3D y los estudiantes interactúen en tiempo real.;2;Diseñar un aula virtual en el metaverso donde los profesores puedan exponer presentaciones en 3D y los estudiantes interactúen en tiempo real.;1;1;2025-2;54
Sistema de seguimiento de mantenimiento preventivo y correctivo de equipos informáticos para PYMES;2;Desarrollar un sistema que permita hacer segumiento en PYMES sobre el mantenimientos preventivo y correctivo de los equipos de computo. ;1;1;2025-2;45
"Transformación Digital TI:
Implementación de un Sistemas de Gestion de Seguridad de la Informacion y un Centro de Operaciones de Seguridad (SOC Primeros Pasos""
en Laboratorio Bolívar SAS";2;"La idea del proyecto de grado ""Transformación Digital TI: Implementación de un Sistema de Gestión de Seguridad de la Información y un Centro de Operaciones de Seguridad (SOC - Primeros Pasos) en Laboratorio Bolívar SAS"" consiste en diseñar e implementar un SGSI basado en estándares como ISO 27001 para proteger datos sensibles en un laboratorio, junto con los pasos iniciales para un SOC que incluya monitoreo de amenazas, respuesta a incidentes y herramientas de detección en tiempo real. Esto impulsa la transformación digital en TI, mejorando la confidencialidad, integridad y disponibilidad de la información, reduciendo riesgos cibernéticos y asegurando cumplimiento normativo en el contexto de Laboratorio Bolívar SAS.";4;1;2025-2;44
Diseño, Desarrollo e Implementación de un Péndon Inteligente IoT con Matriz LED Programable para Marketing Digital.;2;"La idea del proyecto de grado ""Diseño, Desarrollo e Implementación de un Péndon Inteligente IoT con Matriz LED Programable para Publicidad Dinámica y Eficiente"" se centra en crear un dispositivo innovador que combine tecnología IoT (Internet de las Cosas) y matrices LED programables para revolucionar la publicidad exterior. Este pendón inteligente permitirá la visualización y actualización remota de mensajes publicitarios a través de una plataforma digital conectada, adaptándose en tiempo real a las necesidades de los anunciantes.";2;1;2025-2;44
Diseño,y fabricación de estación metereológica registrada en la comunidad thethingsnetwork integrando gateway LoRa propio.;2;"diseño, desarrollo y puesta en funcionamiento de una estación meteorológica inteligente, capaz de recopilar datos ambientales como temperatura, humedad, presión atmosférica, velocidad y dirección del viento, entre otros, y transmitirlos a través de una red de bajo consumo energético (LoRaWAN).La estación será desarrollada desde cero, haciendo uso de dispositivos como el ESP32 u otras placas programables de arquitectura abierta que resulten convenientes.
El proyecto incluye la implementación de un gateway LoRa propio, conectado a internet, lo que permitirá extender la cobertura de The Things Network (TTN) en áreas donde actualmente no hay infraestructura, favoreciendo el crecimiento de redes IoT comunitarias de libre acceso.
Además, los datos recolectados serán visualizados en tiempo real mediante plataformas en la nube y dashboards personalizados, permitiendo el acceso libre a información ambiental útil para investigadores, agricultores, instituciones educativas, autoridades locales y comunidades en general. 
";2;2;2025-2;41
Plataforma móvil para el intercambio, reutilización y donación de objetos en comunidades urbanas inteligentes;2;Diseñar y desarrollar una aplicación móvil que funcione como marketplace ciudadano para promover la economía circular mediante el intercambio, donación o venta de artículos usados, fomentando la sostenibilidad urbana, la cultura ciudadana y la reducción de residuos en territorios inteligentes.;1;2;2025-2;58
Diseño de una metodologia diagnostica para el analisis de seguridad horizontal y vertical en un modelo LLM implementado de forma local en el entorno universitario.;1;Con el reciente impulso de utilizar grandes modelos de lenguaje de forma local en universidades y empresas, es importante poder evaluar dichos modelos bajo criterios que otorguen cierto niivel de seguridad, de manera que directivos y alumnos puedan hacer uso de dichas herramientas sin comprometer la seguridad o privacidad de los datos dentro de la institución.;1;2;2025-2;23
Sistema de IA para detección automática de comportamientos incívicos en el espacio público;2;Desarrollo de un sistema basado en visión computacional e IA (CNNs) que permita analizar transmisiones de cámaras de seguridad para identificar comportamientos incívicos (como botar basura, vandalismo o no respetar semáforos). El sistema alertaría en tiempo real a las autoridades locales o al centro de monitoreo ciudadano.;1;2;2025-2;38
Desarrollo de un sistema de información - Plataforma Digital para la Promoción y Gestión de nuevos productos y servicios en la empresa XXX;4;"Este proyecto busca diseñar y desarrollar una plataforma web o aplicación móvil que conecte emprendedores locales con consumidores, visibilizando productos y servicios. Los estudiantes de la tecnología estarán encargados de crear la solución tecnológica (plataforma, base de datos, interfaz de usuario, sistema de pagos, etc.), mientras que los estudiantes de Administración de Empresas diseñarán el modelo de negocio, estrategias de marketing digital, análisis financiero y la validación del modelo de emprendimiento.
El sistema podrá incluir módulos para: registro de emprendimientos, catálogos virtuales, pasarelas de pago, reportes de ventas y analítica básica.";4;1;2025-2;28
"Sistema de Marketplace Local con Envíos Colaborativos
Descripción
";2;Plataforma digital que permita a emprendedores y comercios de una ciudad o barrio vender sus productos en línea, con un sistema de entrega colaborativo (vecinos repartidores, ciclistas locales).;1;1;2025-2;35
Modelo predictivo de comportamiento ciudadano en entornos urbanos a partir de datos abiertos y análisis matemático computacional.;1;Este proyecto propone el desarrollo de un sistema inteligente que, utilizando datos abiertos (por ejemplo, reportes de tránsito, basuras, ruido, vandalismo, convivencia, etc.), aplique técnicas de minería de datos y modelos matemáticos (como regresión, clustering o redes bayesianas) para predecir patrones de comportamiento ciudadano en sectores urbanos específicos.;4;2;2025-2;18
Aplicación móvil educativa para promover hábitos de cultura ciudadana usando retos matemáticos contextualizados.;2;"Se plantea el desarrollo de una aplicación móvil tipo juego serio (""serious game"") que promueva la cultura ciudadana a través de retos matemáticos cotidianos, por ejemplo: problemas de reciclaje, movilidad sostenible, consumo responsable, resolución de conflictos barriales, etc.";2;1;2025-2;18
Plataforma de Gestión de Datos para el Monitoreo de Cultura Ciudadana en Territorios Inteligentes;2;Diseñar e implementar una plataforma que permita a la comunidad y a las autoridades reportar, consultar y analizar indicadores de cultura ciudadana (respeto por normas, cuidado del espacio público, participación comunitaria, etc.). El sistema integrará datos provenientes de encuestas digitales, sensores IoT (por ejemplo, cámaras con visión artificial para conteo de uso de espacios), y redes sociales, aplicando analítica de datos para generar mapas interactivos y dashboards en tiempo real.;4;1;2025-2;60
Sistema de Señalización Inteligente para Fomentar Buenas Prácticas Ciudadanas;2;Desarrollar un sistema de señalización urbana digital conectado a sensores y datos comunitarios, que muestre mensajes adaptados al contexto para promover comportamientos ciudadanos positivos (ej. respeto de semáforos, cuidado del medio ambiente, ahorro de energía). Los mensajes se ajustarían en tiempo real según el comportamiento detectado o la situación ambiental.;1;1;2025-2;60
Desarrollo de un SaaS para la gestión de producción de pequeñas empresas de calzado en Bucaramanga;2;"La idea se centra en crear un software como servicio (SaaS) diseñado para optimizar y administrar la producción en pequeñas empresas de calzado de Bucaramanga.
Este sistema estaría alojado en la nube, permitiendo que las empresas accedan a sus datos y herramientas desde cualquier dispositivo con conexión a internet.

El objetivo sería digitalizar procesos como el control de inventarios, la programación de la producción, el seguimiento de pedidos y la gestión de insumos.
Al estar orientado a transformación digital, la solución buscaría reducir errores manuales, mejorar la trazabilidad de la información y facilitar la toma de decisiones basadas en datos en tiempo real.";4;1;2025-2;24
Prototipo para digitalización de planillas de conteo físico de inventario en pequeñas empresas usando n8n;2;El proyecto busca desarrollar un prototipo que permita a pequeñas empresas digitalizar y organizar sus planillas de conteo físico de inventario. Usando n8n como plataforma de automatización, el sistema recibirá fotografías o escaneos de las planillas, procesará la información mediante un servicio OCR para extraer datos como código de producto, descripción, cantidad contada y fecha, y los almacenará automáticamente en una base de datos. Además, podrá generar reportes y comparaciones entre el inventario físico y el registrado en el sistema, reduciendo errores de transcripción y tiempos de consolidación de información.;4;1;2025-2;24
Sistema de Gestión Colaborativa para Proyectos Comunitarios con Enfoque en Transformación Digital;2;Creación de una plataforma web y móvil para la gestión colaborativa de proyectos comunitarios, con herramientas para recolección de propuestas, votaciones en línea, seguimiento de avances y análisis de impacto social. El sistema estará diseñado bajo estándares de usabilidad, accesibilidad y escalabilidad, integrando funcionalidades para promover la transparencia y la participación ciudadana en entornos urbanos inteligentes.;4;2;2025-2;49
Diseño de la Arquitectura de Software para un Sistema de Gestión de Eventos y Recursos Comunitarios;2;Desarrollo del modelo arquitectónico de un sistema de gestión de eventos, recursos y espacios comunitarios, con integración de módulos de geolocalización, control de reservas, difusión de eventos y encuestas de satisfacción. La arquitectura propuesta contemplará aspectos de seguridad, escalabilidad y alta disponibilidad, con el objetivo de ser implementada en municipios o centros culturales para optimizar la administración de actividades comunitarias.;1;2;2025-2;49
Desarrollo de APP para los dispensarios de Medicamentos por una EPS;2;Manejar Una App que indique pdtes, inventario, stock de medicamentos a reclamar, sin tener que perder el tiempo en ir al despacho y que les indiquen que nos las hay. Inventario en Tiempo Real;1;1;2025-2;20
Recurso educativo digital  OVA diseñado para enseñar o reforzar  las Matemáticas Discretas y Sistemas Digitales.;2;Un Objeto Virtual de Aprendizaje que enseñe a estudiantes principiantes los fundamentos de las conversiones entre sistemas numericos, compuertas logicas, simplificación por bool, usando un lenguaje accesible, con teoría, ejemplos prácticos, actividades interactivas y evaluaciones automáticas y aplicción de casos;1;1;2025-2;20
Desarrollo de Modulos complementarios a plataforma FDC-54, con buscador de docente y comparador de horarios;2;Idea Ya separada y trabajada por las estudiantes Sofia PLata y Ana Bracho;1;1;2025-2;20
Sistema Web de Gestión de Inventario para Pequeñas Empresas con Código QR y Alertas Automáticas;2;Desarrollo de una aplicación web para gestión de inventario dirigida a pequeñas tiendas y negocios locales. El sistema permitirá registrar productos con códigos QR generados automáticamente, controlar entradas y salidas de mercancía, generar alertas cuando los productos estén por agotarse, y producir reportes básicos de ventas. Se implementará usando tecnologías accesibles  Incluirá funcionalidades como escáner de códigos QR desde dispositivos móviles, dashboard simple para visualizar estadísticas básicas, módulo de proveedores y sistema de notificaciones por email. Es un proyecto real y útil que los estudiantes pueden probar con negocios reales de su comunidad.;1;1;2025-2;26
Aplicación Móvil para Reservas y Gestión de Citas en Centros de Salud Comunitarios;2;Creación de una aplicación móvil que permita a los usuarios agendar citas médicas en centros de salud locales, consultar disponibilidad de horarios, recibir recordatorios automáticos y gestionar su historial de citas. Para los centros de salud, incluirá un panel web administrativo para gestionar agendas de doctores, consultorios y tipos de consulta. Se desarrollará usando tecnologías como React Native o Flutter para la app móvil, y un backend sencillo con Node.js o PHP y base de datos MySQL. Incluirá funcionalidades básicas como autenticación de usuarios, calendario de citas, sistema de notificaciones push, generación de reportes simples y sincronización en tiempo real. Es un proyecto con impacto social real que puede implementarse en centros de salud comunitarios.;4;1;2025-2;26
"""Robot Asistente para Limpieza de Espacios Públicos"": Autónomo, alimentado por energía solar y con capacidad de clasificar residuos.";2;"Robot autónomo equipado con sensores, IA y energía solar, diseñado para limpieza y clasificación de residuos en parques, plazas o campus universitarios.

Funcionalidades clave:

Recolección autónoma: Navegación con LiDAR y visión artificial para evitar obstáculos y mapear rutas eficientes.

Clasificación de residuos: Cámara + ML para separar plásticos, vidrio, orgánicos, etc. (usando modelos como YOLO o TensorFlow Lite).

Energía sostenible: Paneles solares + batería recargable para autonomía prolongada.

Compactador integrado: Reduce el volumen de basura para optimizar rutas de recolección.

Comunicación IoT: Envía datos en tiempo real (nivel de llenado, ubicación) a una central de gestión.

Tecnologías utilizadas:

Robótica (ROS - Robot Operating System).

Visión por computadora (OpenCV, CNN).

IoT (MQTT/5G para transmisión de datos).

Energía renovable (solar + gestión de baterías).

Beneficios:

Reducción de costos en limpieza manual.

Ciudades más limpias con operación 24/7.

Educación ambiental: Muestra datos de residuos recolectados en pantallas públicas.

";1;1;2025-2;43
